<signed-data>
    <data>
        <license>
            <licensor>Orbeon, Inc.</licensor>
            <licensee>root</licensee>
            <organization>Info Run</organization>
            <email>37006102@co.univ-reunion.fr</email>
            <issued>2019-01-16</issued>
            <version/>
            <expiration>2019-04-16</expiration>
            <subscription-start/>
            <subscription-end/>
            <license-id/>
            <license-description/>
        </license>
    </data>
    <signature>MC4CFQCCIxoIzzOMOGfAbCz0O37aRGDOIQIVAIRwbWc2EDzhlsyRDn+x07qvys39</signature>
</signed-data>